{"cameraMode":{"drawMode":0,"name":"Shaded","section":"Shading Mode"},"sceneLighting":false,"audioPlay":false,"sceneViewState":{"m_AlwaysRefresh":false,"showFog":true,"showSkybox":false,"showFlares":true,"showImageEffects":true,"showParticleSystems":true,"showVisualEffectGraphs":true,"m_FxEnabled":true},"in2DMode":false,"pivot":{"x":1.1115260124206544,"y":0.3790613114833832,"z":-4.734715461730957},"rotation":{"x":0.38279101252555849,"y":0.0033909522462636234,"z":-0.0009493916295468807,"w":0.9241002798080444},"size":0.7141427993774414,"orthographic":false}