{"cameraMode":{"drawMode":0,"name":"Shaded","section":"Shading Mode"},"sceneLighting":false,"audioPlay":false,"sceneViewState":{"m_AlwaysRefresh":false,"showFog":true,"showSkybox":false,"showFlares":true,"showImageEffects":true,"showParticleSystems":true,"showVisualEffectGraphs":true,"m_FxEnabled":true},"in2DMode":false,"pivot":{"x":-4.50600004196167,"y":0.08100000023841858,"z":-4.479000091552734},"rotation":{"x":0.5412796139717102,"y":0.046082980930805209,"z":-0.02903704158961773,"w":0.8393931984901428},"size":0.7141428589820862,"orthographic":false}